{
  "project_info": {
    "project_number": "500419477595",
    "firebase_url": "https://parkeazy-eca7d.firebaseio.com",
    "project_id": "parkeazy-eca7d",
    "storage_bucket": "parkeazy-eca7d.appspot.com"
  },
  "client": [
    {
      "client_info": {
        "mobilesdk_app_id": "1:500419477595:android:653847b7e7b9e41f",
        "android_client_info": {
          "package_name": "com.example.siddheshsave.parkeazy"
        }
      },
      "oauth_client": [
        {
          "client_id": "500419477595-7pgtccpg2t4m4r8shfvn355m7eer1hsq.apps.googleusercontent.com",
          "client_type": 3
        }
      ],
      "api_key": [
        {
          "current_key": "AIzaSyAmQtNYzNBhgIwzqiuCw0OOMOhqiaobOLs"
        }
      ],
      "services": {
        "analytics_service": {
          "status": 1
        },
        "appinvite_service": {
          "status": 1,
          "other_platform_oauth_client": []
        },
        "ads_service": {
          "status": 2
        }
      }
    }
  ],
  "configuration_version": "1"
}